{
  "bot": [
    535.0869750976562,
    983.5272827148438,
    1070.349609375,
    1104.7744140625,
    1129.37646484375,
    1148.9794921875,
    1166.16943359375,
    1184.5914306640625,
    1200.1212158203125,
    1220.1414794921875,
    1237.263427734375,
    1259.564208984375,
    1278.845703125,
    1296.6256103515625,
    1308.2413330078125,
    1299.100830078125,
    1226.09765625,
    1073.827880859375,
    819.5800170898438,
    592.7155151367188
  ],
  "skip2": [
    152.25106811523438,
    238.29452514648438,
    254.0597381591797,
    259.73675537109375,
    263.3422546386719,
    265.8885803222656,
    268.0940246582031,
    270.2908935546875,
    271.557373046875,
    273.7176818847656,
    275.2546081542969,
    276.9633483886719,
    278.1728820800781,
    278.72216796875,
    277.2247619628906,
    272.21905517578125,
    254.9322509765625,
    228.65957641601562,
    197.19064331054688,
    190.38966369628906
  ],
  "skip1": [
    119.88550567626953,
    115.25480651855469,
    113.78123474121094,
    112.25679779052734,
    111.10563659667969,
    110.44120025634766,
    109.9107437133789,
    109.74691009521484,
    109.42965698242188,
    109.77467346191406,
    110.4642333984375,
    111.35372161865234,
    112.69780731201172,
    114.28157043457031,
    116.15668487548828,
    117.68922424316406,
    117.51969909667969,
    114.066650390625,
    111.08123779296875,
    118.85054779052734
  ],
  "skip0": [
    51.764469146728516,
    37.0057258605957,
    36.180118560791016,
    36.454891204833984,
    37.1462287902832,
    37.89262771606445,
    38.7208366394043,
    39.49082565307617,
    40.16443634033203,
    41.04545593261719,
    41.74608612060547,
    42.30904006958008,
    43.170753479003906,
    43.78659439086914,
    44.11085510253906,
    44.61454772949219,
    44.735164642333984,
    44.99536895751953,
    44.78443145751953,
    44.53226089477539
  ],
  "out": [
    1.7946460247039795,
    3.4432308673858643,
    4.470938682556152,
    4.827541828155518,
    4.838970184326172,
    4.646579742431641,
    4.359548091888428,
    3.996976137161255,
    3.6659748554229736,
    3.27534818649292,
    2.9089183807373047,
    2.5288145542144775,
    2.1549766063690186,
    1.7811329364776611,
    1.4433623552322388,
    1.1462225914001465,
    0.8954311013221741,
    0.6789987683296204,
    0.44699519872665405,
    0.19239316880702972
  ],
  "t_bins": [
    1,
    53,
    106,
    158,
    211,
    263,
    316,
    369,
    421,
    474,
    526,
    579,
    631,
    684,
    737,
    789,
    842,
    894,
    947,
    1000
  ]
}