{
  "hgf": [
    0.7978795170783997,
    0.5816465020179749,
    0.5014489889144897,
    0.43515312671661377,
    0.381258487701416,
    0.3340569734573364,
    0.29362785816192627,
    0.2595842182636261,
    0.22994853556156158,
    0.20058007538318634,
    0.17457447946071625,
    0.14713142812252045,
    0.12261973321437836,
    0.09756982326507568,
    0.07387718558311462,
    0.051901672035455704,
    0.035694532096385956,
    0.02942042239010334,
    0.04194295406341553,
    0.18055672943592072
  ],
  "mu": [
    1.794374704360962,
    3.444185733795166,
    4.474100589752197,
    4.831202507019043,
    4.8420281410217285,
    4.647522926330566,
    4.351069927215576,
    4.00947904586792,
    3.666646718978882,
    3.2779858112335205,
    2.8913540840148926,
    2.5348916053771973,
    2.152506113052368,
    1.7872669696807861,
    1.450437307357788,
    1.1516544818878174,
    0.889005720615387,
    0.6822863817214966,
    0.4480845034122467,
    0.19185885787010193
  ],
  "t_bins": [
    1,
    53,
    106,
    158,
    211,
    263,
    316,
    369,
    421,
    474,
    526,
    579,
    631,
    684,
    737,
    789,
    842,
    894,
    947,
    1000
  ],
  "R_1.5": [
    1.007987380027771,
    1.0023950338363647,
    1.0062344074249268,
    1.0092699527740479,
    1.0108511447906494,
    1.0104146003723145,
    1.0093034505844116,
    1.008028507232666,
    1.0070651769638062,
    1.005668044090271,
    1.0042005777359009,
    1.003232479095459,
    1.0017467737197876,
    1.000985860824585,
    1.0002058744430542,
    0.999885618686676,
    0.999725878238678,
    0.9996470212936401,
    0.9994906187057495,
    0.9995694160461426
  ],
  "R_3.0": [
    1.023546814918518,
    1.0160688161849976,
    1.0298939943313599,
    1.0379843711853027,
    1.0407146215438843,
    1.038259744644165,
    1.0338314771652222,
    1.0290257930755615,
    1.0250428915023804,
    1.0201631784439087,
    1.0153183937072754,
    1.0118857622146606,
    1.0074543952941895,
    1.0047638416290283,
    1.0022767782211304,
    1.0009453296661377,
    1.000135064125061,
    0.9996848106384277,
    0.9991409778594971,
    0.9991655945777893
  ],
  "R_5.0": [
    1.0554189682006836,
    1.050949215888977,
    1.086165428161621,
    1.1033018827438354,
    1.1068074703216553,
    1.0995978116989136,
    1.0879178047180176,
    1.075467824935913,
    1.0647016763687134,
    1.0523511171340942,
    1.0403532981872559,
    1.0315011739730835,
    1.021041989326477,
    1.0140502452850342,
    1.0078994035720825,
    1.004172921180725,
    1.0017406940460205,
    1.0003430843353271,
    0.9989243745803833,
    0.998668909072876
  ]
}